run,Last,Avg,Transfer [ImageNet],Transfer [upper-tri],Diag,rows,tasks,complete,path
11task/ablation_no_zscl_no_rd,86.6176,76.2722,64.3766,66.787,86.8644,11,11,yes,mtil/ckpt/11task/ablation_no_zscl_no_rd/task_summary.csv
11task/ablation_no_zscl_with_rd,86.2418,77.0577,66.7205,68.9382,87.0483,11,11,yes,mtil/ckpt/11task/ablation_no_zscl_with_rd/task_summary.csv
11task/ablation_prop_replay,86.4446,77.5691,68.0047,69.2107,86.9492,11,11,yes,mtil/ckpt/11task/ablation_prop_replay/task_summary.csv
11task/ablation_zscl_only,83.7865,75.8764,68.6852,69.3938,87.1167,11,11,yes,mtil/ckpt/11task/ablation_zscl_only/task_summary.csv
11task/phase3_no_lora_v4,86.1698,77.1713,68.3673,69.1801,87.1503,11,11,yes,mtil/ckpt/11task/phase3_no_lora_v4/task_summary.csv
11task/rebuttal_rd_current_images_noZSCL,86.7059,77.0842,66.6639,68.5285,86.6959,11,11,yes,mtil/ckpt/11task/rebuttal_rd_current_images_noZSCL/task_summary.csv
11task/rebuttal_rd_prev_teacher_noZSCL,86.7294,77.115,65.4229,68.4122,86.8083,11,11,yes,mtil/ckpt/11task/rebuttal_rd_prev_teacher_noZSCL/task_summary.csv
11task/rebuttal_replay_only_matched,86.8311,77.5046,68.1683,69.0273,87.119,11,11,yes,mtil/ckpt/11task/rebuttal_replay_only_matched/task_summary.csv
phase3_nolora_l01,84.5306,77.2086,65.6521,71.6202,92.7012,8,10,PARTIAL,mtil/thesis_results/phase3_nolora_l01/task_summary.csv
