task_idx,task_name,Aircraft,Caltech101,CIFAR100,DTD,EuroSAT,Flowers,Food,MNIST,OxfordPet,StanfordCars,SUN397,ImageNet,avg
0,Aircraft,52.5052505250525,87.21198156682027,67.08,46.329787234042556,54.148148148148145,70.59684501544967,88.67722772277227,58.48,89.04333605887163,61.11180201467479,63.3212266102708,69.89714285714285,67.3669
1,Caltech101,55.02550255025503,92.56912442396313,68.84,45.691489361702125,50.07407407407407,69.63733940478126,88.0950495049505,61.309999999999995,87.57154538021258,60.179082203706,64.22233460530549,68.37714285714286,67.6327
2,CIFAR100,54.395439543954396,93.4331797235023,85.95,47.76595744680851,46.35185185185185,70.41795413888437,88.15445544554456,65.03,89.23412373943854,59.457778883223476,66.79692887683325,68.8457142857143,69.6528
3,DTD,55.92559255925592,93.26036866359448,83.52000000000001,78.77659574468086,50.94444444444445,70.25532606927956,87.9049504950495,65.64999999999999,89.80648678113927,59.793558015172245,66.91646361086848,68.09714285714286,72.5709
4,EuroSAT,55.115511551155116,93.26036866359448,82.99,76.59574468085107,97.88888888888889,68.93803870548057,87.59207920792079,64.03999999999999,90.05178522758244,59.420470090784725,67.08197324260954,67.81142857142856,75.8989
5,Flowers,55.95559555955596,93.14516129032258,82.73,76.54255319148936,94.66666666666667,97.10522036103431,87.35049504950496,62.51,88.6617606977378,58.00273597811218,67.04059583467426,66.98285714285714,77.5578
6,Food,55.44554455445545,93.20276497695853,83.59,77.12765957446808,95.66666666666667,96.6823873800618,91.3940594059406,59.9,89.15235759062415,59.15930854371347,67.35782262884466,67.47428571428571,78.0127
7,MNIST,53.765376537653765,94.0668202764977,81.97,76.70212765957447,94.72222222222221,95.49520247194666,87.87326732673267,98.92,89.50667756881984,58.86083820420346,67.10496069146245,67.57714285714286,80.5471
8,OxfordPet,55.115511551155116,93.08755760368663,82.17999999999999,77.18085106382979,94.42592592592592,97.05643194015286,90.17425742574258,98.57000000000001,95.39384028345597,59.13443601542097,66.5624568985334,66.95428571428572,81.3196
9,StanfordCars,55.44554455445545,92.74193548387096,82.17,77.18085106382979,94.7962962962963,97.33289965848105,90.26534653465347,98.48,94.9577541564459,86.58127098619575,66.19925520665717,66.96571428571428,83.5931
10,SUN397,55.26552655265527,92.79953917050692,81.56,76.54255319148936,94.48148148148148,97.17027158887625,90.27722772277228,98.41,94.82147724175525,85.5117522696182,80.48825341363616,67.34285714285714,84.5559
